[{"model": "contenttypes.contenttype", "pk": 1, "fields": {"app_label": "admin", "model": "logentry"}}, {"model": "contenttypes.contenttype", "pk": 2, "fields": {"app_label": "auth", "model": "permission"}}, {"model": "contenttypes.contenttype", "pk": 3, "fields": {"app_label": "auth", "model": "group"}}, {"model": "contenttypes.contenttype", "pk": 4, "fields": {"app_label": "contenttypes", "model": "contenttype"}}, {"model": "contenttypes.contenttype", "pk": 5, "fields": {"app_label": "sessions", "model": "session"}}, {"model": "contenttypes.contenttype", "pk": 6, "fields": {"app_label": "base", "model": "user"}}, {"model": "contenttypes.contenttype", "pk": 7, "fields": {"app_label": "base", "model": "quote"}}, {"model": "contenttypes.contenttype", "pk": 8, "fields": {"app_label": "base", "model": "publication"}}, {"model": "contenttypes.contenttype", "pk": 9, "fields": {"app_label": "base", "model": "approvedmembers"}}, {"model": "contenttypes.contenttype", "pk": 10, "fields": {"app_label": "token_blacklist", "model": "blacklistedtoken"}}, {"model": "contenttypes.contenttype", "pk": 11, "fields": {"app_label": "token_blacklist", "model": "outstandingtoken"}}, {"model": "base.publication", "pk": "620d7de9-7eec-4372-bf80-9a1d0b021076", "fields": {"name": "WeirdEditor", "quote": "446e1fb7-c10f-4d86-9c5e-a30f86232d3a", "date": "2020-06-15"}}, {"model": "base.publication", "pk": "cfd46def-ad8a-43f1-b924-08a2a7cb268a", "fields": {"name": "Dailystar", "quote": "c947778f-7f17-4035-a6e1-d58099658341", "date": "2020-05-16"}}, {"model": "auth.permission", "pk": 1, "fields": {"name": "Can add log entry", "content_type": 1, "codename": "add_logentry"}}, {"model": "auth.permission", "pk": 2, "fields": {"name": "Can change log entry", "content_type": 1, "codename": "change_logentry"}}, {"model": "auth.permission", "pk": 3, "fields": {"name": "Can delete log entry", "content_type": 1, "codename": "delete_logentry"}}, {"model": "auth.permission", "pk": 4, "fields": {"name": "Can view log entry", "content_type": 1, "codename": "view_logentry"}}, {"model": "auth.permission", "pk": 5, "fields": {"name": "Can add permission", "content_type": 2, "codename": "add_permission"}}, {"model": "auth.permission", "pk": 6, "fields": {"name": "Can change permission", "content_type": 2, "codename": "change_permission"}}, {"model": "auth.permission", "pk": 7, "fields": {"name": "Can delete permission", "content_type": 2, "codename": "delete_permission"}}, {"model": "auth.permission", "pk": 8, "fields": {"name": "Can view permission", "content_type": 2, "codename": "view_permission"}}, {"model": "auth.permission", "pk": 9, "fields": {"name": "Can add group", "content_type": 3, "codename": "add_group"}}, {"model": "auth.permission", "pk": 10, "fields": {"name": "Can change group", "content_type": 3, "codename": "change_group"}}, {"model": "auth.permission", "pk": 11, "fields": {"name": "Can delete group", "content_type": 3, "codename": "delete_group"}}, {"model": "auth.permission", "pk": 12, "fields": {"name": "Can view group", "content_type": 3, "codename": "view_group"}}, {"model": "auth.permission", "pk": 13, "fields": {"name": "Can add content type", "content_type": 4, "codename": "add_contenttype"}}, {"model": "auth.permission", "pk": 14, "fields": {"name": "Can change content type", "content_type": 4, "codename": "change_contenttype"}}, {"model": "auth.permission", "pk": 15, "fields": {"name": "Can delete content type", "content_type": 4, "codename": "delete_contenttype"}}, {"model": "auth.permission", "pk": 16, "fields": {"name": "Can view content type", "content_type": 4, "codename": "view_contenttype"}}, {"model": "auth.permission", "pk": 17, "fields": {"name": "Can add session", "content_type": 5, "codename": "add_session"}}, {"model": "auth.permission", "pk": 18, "fields": {"name": "Can change session", "content_type": 5, "codename": "change_session"}}, {"model": "auth.permission", "pk": 19, "fields": {"name": "Can delete session", "content_type": 5, "codename": "delete_session"}}, {"model": "auth.permission", "pk": 20, "fields": {"name": "Can view session", "content_type": 5, "codename": "view_session"}}, {"model": "auth.permission", "pk": 21, "fields": {"name": "Can add user", "content_type": 6, "codename": "add_user"}}, {"model": "auth.permission", "pk": 22, "fields": {"name": "Can change user", "content_type": 6, "codename": "change_user"}}, {"model": "auth.permission", "pk": 23, "fields": {"name": "Can delete user", "content_type": 6, "codename": "delete_user"}}, {"model": "auth.permission", "pk": 24, "fields": {"name": "Can view user", "content_type": 6, "codename": "view_user"}}, {"model": "auth.permission", "pk": 25, "fields": {"name": "Can add quote", "content_type": 7, "codename": "add_quote"}}, {"model": "auth.permission", "pk": 26, "fields": {"name": "Can change quote", "content_type": 7, "codename": "change_quote"}}, {"model": "auth.permission", "pk": 27, "fields": {"name": "Can delete quote", "content_type": 7, "codename": "delete_quote"}}, {"model": "auth.permission", "pk": 28, "fields": {"name": "Can view quote", "content_type": 7, "codename": "view_quote"}}, {"model": "auth.permission", "pk": 29, "fields": {"name": "Can add publication", "content_type": 8, "codename": "add_publication"}}, {"model": "auth.permission", "pk": 30, "fields": {"name": "Can change publication", "content_type": 8, "codename": "change_publication"}}, {"model": "auth.permission", "pk": 31, "fields": {"name": "Can delete publication", "content_type": 8, "codename": "delete_publication"}}, {"model": "auth.permission", "pk": 32, "fields": {"name": "Can view publication", "content_type": 8, "codename": "view_publication"}}, {"model": "auth.permission", "pk": 33, "fields": {"name": "Can add approved members", "content_type": 9, "codename": "add_approvedmembers"}}, {"model": "auth.permission", "pk": 34, "fields": {"name": "Can change approved members", "content_type": 9, "codename": "change_approvedmembers"}}, {"model": "auth.permission", "pk": 35, "fields": {"name": "Can delete approved members", "content_type": 9, "codename": "delete_approvedmembers"}}, {"model": "auth.permission", "pk": 36, "fields": {"name": "Can view approved members", "content_type": 9, "codename": "view_approvedmembers"}}, {"model": "auth.permission", "pk": 37, "fields": {"name": "Can add blacklisted token", "content_type": 10, "codename": "add_blacklistedtoken"}}, {"model": "auth.permission", "pk": 38, "fields": {"name": "Can change blacklisted token", "content_type": 10, "codename": "change_blacklistedtoken"}}, {"model": "auth.permission", "pk": 39, "fields": {"name": "Can delete blacklisted token", "content_type": 10, "codename": "delete_blacklistedtoken"}}, {"model": "auth.permission", "pk": 40, "fields": {"name": "Can view blacklisted token", "content_type": 10, "codename": "view_blacklistedtoken"}}, {"model": "auth.permission", "pk": 41, "fields": {"name": "Can add outstanding token", "content_type": 11, "codename": "add_outstandingtoken"}}, {"model": "auth.permission", "pk": 42, "fields": {"name": "Can change outstanding token", "content_type": 11, "codename": "change_outstandingtoken"}}, {"model": "auth.permission", "pk": 43, "fields": {"name": "Can delete outstanding token", "content_type": 11, "codename": "delete_outstandingtoken"}}, {"model": "auth.permission", "pk": 44, "fields": {"name": "Can view outstanding token", "content_type": 11, "codename": "view_outstandingtoken"}}, {"model": "base.user", "pk": 1, "fields": {"password": "pbkdf2_sha256$150000$wlYvkAK3IWqB$E9JfF8L1V3Ky//C31oBPueQWTDBaqknm2r5Q6qaV6ik=", "last_login": null, "is_superuser": false, "username": "asifahmed3959", "is_staff": false, "is_active": true, "date_joined": "2020-03-31T11:08:01.459Z", "first_name": "Asif", "last_name": "Ahmed", "email": "asifahmed3959@gmail.com", "groups": [], "user_permissions": []}}, {"model": "base.user", "pk": 2, "fields": {"password": "pbkdf2_sha256$180000$KhxGmqdIUqFF$dz8e5K/mdhITb3C/DcSDzj2FA75Go1Bdbxe2JuqNV1c=", "last_login": null, "is_superuser": false, "username": "asifahmed", "is_staff": false, "is_active": true, "date_joined": "2020-04-06T04:15:04.905Z", "first_name": "Asif", "last_name": "Ahmed", "email": "asif.ahmed.apploye@gmail.com", "groups": [], "user_permissions": []}}, {"model": "base.user", "pk": 3, "fields": {"password": "pingpong1234", "last_login": null, "is_superuser": false, "username": "jack", "is_staff": false, "is_active": true, "date_joined": "2020-04-07T06:48:14.033Z", "first_name": "Donald Stanton", "last_name": "Mrs. Suzanne Martin", "email": "daviswesley@hotmail.com", "groups": [], "user_permissions": []}}, {"model": "base.quote", "pk": "09ce04dc-971f-4f85-bcd9-de0d01417d41", "fields": {"author": 3, "quote": "Pull south down as deep man imagine. Crime few carry democratic west attack.\nElse the behind wrong other would this. Whom leg remember success book positive play draw.", "created_on": "2020-04-07T06:49:45.028Z", "created_by": null, "updated_by": null}}, {"model": "base.quote", "pk": "446e1fb7-c10f-4d86-9c5e-a30f86232d3a", "fields": {"author": 1, "quote": "bazhinga", "created_on": "2020-03-31T11:09:16.629Z", "created_by": 1, "updated_by": 1}}, {"model": "base.quote", "pk": "b0c2d8ad-d195-46ff-95c0-9db69f4c0d84", "fields": {"author": 3, "quote": "Pull south down as deep man imagine. Crime few carry democratic west attack.\nElse the behind wrong other would this. Whom leg remember success book positive play draw.", "created_on": "2020-04-07T06:49:29.162Z", "created_by": null, "updated_by": null}}, {"model": "base.quote", "pk": "b3852bd5-6fb5-4e03-86d9-14c16a3fb49a", "fields": {"author": 3, "quote": "Pull south down as deep man imagine. Crime few carry democratic west attack.\nElse the behind wrong other would this. Whom leg remember success book positive play draw.", "created_on": "2020-04-07T06:48:55.387Z", "created_by": null, "updated_by": null}}, {"model": "base.quote", "pk": "bb9b206c-cf67-4f04-b928-01cfc6238da1", "fields": {"author": 1, "quote": "Not a valid string.", "created_on": "2020-03-31T11:09:35.312Z", "created_by": 1, "updated_by": null}}, {"model": "base.quote", "pk": "c947778f-7f17-4035-a6e1-d58099658341", "fields": {"author": 1, "quote": "Another", "created_on": "2020-03-31T11:44:57.034Z", "created_by": 1, "updated_by": null}}, {"model": "base.approvedmembers", "pk": 1, "fields": {"quote": "c947778f-7f17-4035-a6e1-d58099658341", "user": 1, "underground_name": "This field is required.", "rank": 5}}, {"model": "base.approvedmembers", "pk": 2, "fields": {"quote": "c947778f-7f17-4035-a6e1-d58099658341", "user": 2, "underground_name": "Funny Name", "rank": 5}}, {"model": "token_blacklist.outstandingtoken", "pk": 1, "fields": {"user": 1, "jti": "e41849cea22f418a9e92e8b0b41a2d07", "token": "eyJ0eXAiOiJKV1QiLCJhbGciOiJIUzI1NiJ9.eyJ0b2tlbl90eXBlIjoicmVmcmVzaCIsImV4cCI6MTU4NTczOTI5OCwianRpIjoiZTQxODQ5Y2VhMjJmNDE4YTllOTJlOGIwYjQxYTJkMDciLCJ1c2VyX2lkIjoxfQ.VAFzIMPrEH-AS7-r8qFsDa1JW4sv8l99XHT1_BPhe84", "created_at": "2020-03-31T11:08:18.153Z", "expires_at": "2020-04-01T11:08:18Z"}}, {"model": "token_blacklist.outstandingtoken", "pk": 2, "fields": {"user": 1, "jti": "ddadb0cdeb984c0fa16828c2f64c3bfd", "token": "eyJ0eXAiOiJKV1QiLCJhbGciOiJIUzI1NiJ9.eyJ0b2tlbl90eXBlIjoicmVmcmVzaCIsImV4cCI6MTU4NTc0MTQ0OCwianRpIjoiZGRhZGIwY2RlYjk4NGMwZmExNjgyOGMyZjY0YzNiZmQiLCJ1c2VyX2lkIjoxfQ.3qfyMry8wAzakk1xMVIz1VkBwyGZKafTuuQ0bn66HbA", "created_at": "2020-03-31T11:44:08.764Z", "expires_at": "2020-04-01T11:44:08Z"}}, {"model": "token_blacklist.outstandingtoken", "pk": 3, "fields": {"user": 1, "jti": "dae8f3e19ac143aba80f725cb92a0aac", "token": "eyJ0eXAiOiJKV1QiLCJhbGciOiJIUzI1NiJ9.eyJ0b2tlbl90eXBlIjoicmVmcmVzaCIsImV4cCI6MTU4NTc0MjcyOCwianRpIjoiZGFlOGYzZTE5YWMxNDNhYmE4MGY3MjVjYjkyYTBhYWMiLCJ1c2VyX2lkIjoxfQ.jaOUUnMpZOH5rnoERfYOTUnj89PpRC1ku-uG1Gj50Yg", "created_at": "2020-03-31T12:05:28.226Z", "expires_at": "2020-04-01T12:05:28Z"}}, {"model": "token_blacklist.outstandingtoken", "pk": 4, "fields": {"user": 1, "jti": "8489c8b519db4946a49c23512bdcd67c", "token": "eyJ0eXAiOiJKV1QiLCJhbGciOiJIUzI1NiJ9.eyJ0b2tlbl90eXBlIjoicmVmcmVzaCIsImV4cCI6MTU4NjA2OTgyMSwianRpIjoiODQ4OWM4YjUxOWRiNDk0NmE0OWMyMzUxMmJkY2Q2N2MiLCJ1c2VyX2lkIjoxfQ.oLGqQetI0sbetbWelIKO_qudCed8LtA7MaHmuFDJiig", "created_at": "2020-04-04T06:57:01.344Z", "expires_at": "2020-04-05T06:57:01Z"}}, {"model": "token_blacklist.outstandingtoken", "pk": 5, "fields": {"user": 1, "jti": "3d366c943511497983912c102915ad14", "token": "eyJ0eXAiOiJKV1QiLCJhbGciOiJIUzI1NiJ9.eyJ0b2tlbl90eXBlIjoicmVmcmVzaCIsImV4cCI6MTU4NjE1NDQwMCwianRpIjoiM2QzNjZjOTQzNTExNDk3OTgzOTEyYzEwMjkxNWFkMTQiLCJ1c2VyX2lkIjoxfQ.CRY2IRhqIXjmZU7f4gIaeWddyqPOBSnkBtPnce48Jeg", "created_at": "2020-04-05T06:26:40.591Z", "expires_at": "2020-04-06T06:26:40Z"}}, {"model": "token_blacklist.outstandingtoken", "pk": 6, "fields": {"user": 1, "jti": "d9329c40528e44b78d1c10cee5f9ea5c", "token": "eyJ0eXAiOiJKV1QiLCJhbGciOiJIUzI1NiJ9.eyJ0b2tlbl90eXBlIjoicmVmcmVzaCIsImV4cCI6MTU4NjIzMjU3OSwianRpIjoiZDkzMjljNDA1MjhlNDRiNzhkMWMxMGNlZTVmOWVhNWMiLCJ1c2VyX2lkIjoxfQ.57qKX1BO7HcsMvEuFGi1TSJ2aJC4GqZXvc37ctnf6Nw", "created_at": "2020-04-06T04:09:39.087Z", "expires_at": "2020-04-07T04:09:39Z"}}, {"model": "token_blacklist.outstandingtoken", "pk": 7, "fields": {"user": 2, "jti": "f537f0180b28467d8b477dcd1873ca34", "token": "eyJ0eXAiOiJKV1QiLCJhbGciOiJIUzI1NiJ9.eyJ0b2tlbl90eXBlIjoicmVmcmVzaCIsImV4cCI6MTU4NjIzMzA5OSwianRpIjoiZjUzN2YwMTgwYjI4NDY3ZDhiNDc3ZGNkMTg3M2NhMzQiLCJ1c2VyX2lkIjoyfQ.dO7vqC-9Wv0fS8AqViGxj-W9KT9jndBkYOrSZJE-f7M", "created_at": "2020-04-06T04:18:19.180Z", "expires_at": "2020-04-07T04:18:19Z"}}, {"model": "token_blacklist.outstandingtoken", "pk": 8, "fields": {"user": 1, "jti": "04966216f1704c2d81961476a517656f", "token": "eyJ0eXAiOiJKV1QiLCJhbGciOiJIUzI1NiJ9.eyJ0b2tlbl90eXBlIjoicmVmcmVzaCIsImV4cCI6MTU4NjI0Njg1NCwianRpIjoiMDQ5NjYyMTZmMTcwNGMyZDgxOTYxNDc2YTUxNzY1NmYiLCJ1c2VyX2lkIjoxfQ.aCtHl-EysGX5Sz38cQaWVvRwUVZFVTGEVARbcxFXDyI", "created_at": "2020-04-06T08:07:34.672Z", "expires_at": "2020-04-07T08:07:34Z"}}, {"model": "token_blacklist.outstandingtoken", "pk": 9, "fields": {"user": 1, "jti": "726c7d91426f4d078b0efd99e7d60157", "token": "eyJ0eXAiOiJKV1QiLCJhbGciOiJIUzI1NiJ9.eyJ0b2tlbl90eXBlIjoicmVmcmVzaCIsImV4cCI6MTU4NjMyODk3NiwianRpIjoiNzI2YzdkOTE0MjZmNGQwNzhiMGVmZDk5ZTdkNjAxNTciLCJ1c2VyX2lkIjoxfQ.HfQ2N04iv5rBHpTWeP-Em1_v2PesXw33q2UFTiyQsmg", "created_at": "2020-04-07T06:56:16.956Z", "expires_at": "2020-04-08T06:56:16Z"}}, {"model": "token_blacklist.outstandingtoken", "pk": 10, "fields": {"user": 1, "jti": "7ff1293ee6724e6bb7bc96c4643c814d", "token": "eyJ0eXAiOiJKV1QiLCJhbGciOiJIUzI1NiJ9.eyJ0b2tlbl90eXBlIjoicmVmcmVzaCIsImV4cCI6MTU4NjMyOTMwMSwianRpIjoiN2ZmMTI5M2VlNjcyNGU2YmI3YmM5NmM0NjQzYzgxNGQiLCJ1c2VyX2lkIjoxfQ.4-QypegKr8xeHklYBUHooS2TZWPUrUGGDS9n7OTSgCg", "created_at": "2020-04-07T07:01:41.429Z", "expires_at": "2020-04-08T07:01:41Z"}}, {"model": "token_blacklist.outstandingtoken", "pk": 11, "fields": {"user": 1, "jti": "5ba8e80134104603a775116495626f7c", "token": "eyJ0eXAiOiJKV1QiLCJhbGciOiJIUzI1NiJ9.eyJ0b2tlbl90eXBlIjoicmVmcmVzaCIsImV4cCI6MTU4NjMzNTQxNSwianRpIjoiNWJhOGU4MDEzNDEwNDYwM2E3NzUxMTY0OTU2MjZmN2MiLCJ1c2VyX2lkIjoxfQ.g0X278OlHPC5SmeZQ1VmZW6Nf9rucvskae0dIZvpGaI", "created_at": "2020-04-07T08:43:35.406Z", "expires_at": "2020-04-08T08:43:35Z"}}, {"model": "token_blacklist.outstandingtoken", "pk": 12, "fields": {"user": 1, "jti": "3f6778b7526e4922b06e42f21033858c", "token": "eyJ0eXAiOiJKV1QiLCJhbGciOiJIUzI1NiJ9.eyJ0b2tlbl90eXBlIjoicmVmcmVzaCIsImV4cCI6MTU4NjMzNTcyMSwianRpIjoiM2Y2Nzc4Yjc1MjZlNDkyMmIwNmU0MmYyMTAzMzg1OGMiLCJ1c2VyX2lkIjoxfQ.mK8dVKP1L4AWcFh7tQsRIgqI5cFaGb6edpVte9UG4xY", "created_at": "2020-04-07T08:48:41.651Z", "expires_at": "2020-04-08T08:48:41Z"}}, {"model": "token_blacklist.outstandingtoken", "pk": 13, "fields": {"user": 1, "jti": "37940e4c99804c1184d82fefe3a3cba5", "token": "eyJ0eXAiOiJKV1QiLCJhbGciOiJIUzI1NiJ9.eyJ0b2tlbl90eXBlIjoicmVmcmVzaCIsImV4cCI6MTU4NjQyMDg5OCwianRpIjoiMzc5NDBlNGM5OTgwNGMxMTg0ZDgyZmVmZTNhM2NiYTUiLCJ1c2VyX2lkIjoxfQ.hGJuJmGDVKTo5M4ilK91XwkJ_yfvEb0uDWGUb-mZnDQ", "created_at": "2020-04-08T08:28:18.134Z", "expires_at": "2020-04-09T08:28:18Z"}}, {"model": "token_blacklist.outstandingtoken", "pk": 14, "fields": {"user": 1, "jti": "6c740df8d4f744a7b723039de00f03fb", "token": "eyJ0eXAiOiJKV1QiLCJhbGciOiJIUzI1NiJ9.eyJ0b2tlbl90eXBlIjoicmVmcmVzaCIsImV4cCI6MTU4NjQyMzE1NywianRpIjoiNmM3NDBkZjhkNGY3NDRhN2I3MjMwMzlkZTAwZjAzZmIiLCJ1c2VyX2lkIjoxfQ.lhdZCNSi8vv-PJyBcZeulaITF6_ZbXexrtp1Bm2bMHQ", "created_at": "2020-04-08T09:05:57.366Z", "expires_at": "2020-04-09T09:05:57Z"}}, {"model": "token_blacklist.outstandingtoken", "pk": 15, "fields": {"user": 1, "jti": "ab531e9f0611434b8ce566aacde15955", "token": "eyJ0eXAiOiJKV1QiLCJhbGciOiJIUzI1NiJ9.eyJ0b2tlbl90eXBlIjoicmVmcmVzaCIsImV4cCI6MTU4NjQyMzYwNCwianRpIjoiYWI1MzFlOWYwNjExNDM0YjhjZTU2NmFhY2RlMTU5NTUiLCJ1c2VyX2lkIjoxfQ.idesllsZUVTOPwq1-fl97m_Yc9TPHlqizwUIzLEQyt8", "created_at": "2020-04-08T09:13:24.401Z", "expires_at": "2020-04-09T09:13:24Z"}}, {"model": "token_blacklist.outstandingtoken", "pk": 16, "fields": {"user": 1, "jti": "71039ecca1ed49358f87063497010d83", "token": "eyJ0eXAiOiJKV1QiLCJhbGciOiJIUzI1NiJ9.eyJ0b2tlbl90eXBlIjoicmVmcmVzaCIsImV4cCI6MTU4NjQyMzkyNywianRpIjoiNzEwMzllY2NhMWVkNDkzNThmODcwNjM0OTcwMTBkODMiLCJ1c2VyX2lkIjoxfQ.MKVwnHcjaPPzRGJDR5sphHykUhpjD7dV9NZre9N-JWw", "created_at": "2020-04-08T09:18:47.958Z", "expires_at": "2020-04-09T09:18:47Z"}}, {"model": "token_blacklist.outstandingtoken", "pk": 17, "fields": {"user": 1, "jti": "e316c9fc09a348168442005cce3ada88", "token": "eyJ0eXAiOiJKV1QiLCJhbGciOiJIUzI1NiJ9.eyJ0b2tlbl90eXBlIjoicmVmcmVzaCIsImV4cCI6MTU4NjQyNDMyMywianRpIjoiZTMxNmM5ZmMwOWEzNDgxNjg0NDIwMDVjY2UzYWRhODgiLCJ1c2VyX2lkIjoxfQ.9ohHIWdDfxKqT7YJgLPhff1dCeJJSW5H5Hw_MlChfnY", "created_at": "2020-04-08T09:25:23.428Z", "expires_at": "2020-04-09T09:25:23Z"}}, {"model": "token_blacklist.outstandingtoken", "pk": 18, "fields": {"user": 1, "jti": "109575e054e04eeaa5e7dac58b41385c", "token": "eyJ0eXAiOiJKV1QiLCJhbGciOiJIUzI1NiJ9.eyJ0b2tlbl90eXBlIjoicmVmcmVzaCIsImV4cCI6MTU4NjQyNDg1NywianRpIjoiMTA5NTc1ZTA1NGUwNGVlYWE1ZTdkYWM1OGI0MTM4NWMiLCJ1c2VyX2lkIjoxfQ.q9BEY--ZH4pxCSWzaiiMjTY__SzQ3bXMfPK-sTH8LbI", "created_at": "2020-04-08T09:34:17.966Z", "expires_at": "2020-04-09T09:34:17Z"}}, {"model": "token_blacklist.outstandingtoken", "pk": 19, "fields": {"user": 1, "jti": "b102ee3424734661b0305be87fc18496", "token": "eyJ0eXAiOiJKV1QiLCJhbGciOiJIUzI1NiJ9.eyJ0b2tlbl90eXBlIjoicmVmcmVzaCIsImV4cCI6MTU4NjQyNTYzOCwianRpIjoiYjEwMmVlMzQyNDczNDY2MWIwMzA1YmU4N2ZjMTg0OTYiLCJ1c2VyX2lkIjoxfQ.mFvRXOiDX80qH2COY42omD1kvoo4pu-pyIu7NVAT-Kc", "created_at": "2020-04-08T09:47:18.296Z", "expires_at": "2020-04-09T09:47:18Z"}}, {"model": "token_blacklist.outstandingtoken", "pk": 20, "fields": {"user": 1, "jti": "3b7e9cdb7efb4bdaab1f2161722afc18", "token": "eyJ0eXAiOiJKV1QiLCJhbGciOiJIUzI1NiJ9.eyJ0b2tlbl90eXBlIjoicmVmcmVzaCIsImV4cCI6MTU4NjQyNjM5MCwianRpIjoiM2I3ZTljZGI3ZWZiNGJkYWFiMWYyMTYxNzIyYWZjMTgiLCJ1c2VyX2lkIjoxfQ.396nhfer51d1sZLU-lUbCr73HfnfzBESdpf_kbhiot4", "created_at": "2020-04-08T09:59:50.221Z", "expires_at": "2020-04-09T09:59:50Z"}}, {"model": "token_blacklist.outstandingtoken", "pk": 21, "fields": {"user": 1, "jti": "4d9e230789af48ca89afaf6906e137c0", "token": "eyJ0eXAiOiJKV1QiLCJhbGciOiJIUzI1NiJ9.eyJ0b2tlbl90eXBlIjoicmVmcmVzaCIsImV4cCI6MTU4NjQyNzMzNiwianRpIjoiNGQ5ZTIzMDc4OWFmNDhjYTg5YWZhZjY5MDZlMTM3YzAiLCJ1c2VyX2lkIjoxfQ.RXmuOxi7UmD6FrGmF41K0sM86-7-6X6byXEPUh6RKLM", "created_at": "2020-04-08T10:15:36.736Z", "expires_at": "2020-04-09T10:15:36Z"}}, {"model": "token_blacklist.outstandingtoken", "pk": 22, "fields": {"user": 1, "jti": "8afafec60f944b9b88d67a52fdaf0520", "token": "eyJ0eXAiOiJKV1QiLCJhbGciOiJIUzI1NiJ9.eyJ0b2tlbl90eXBlIjoicmVmcmVzaCIsImV4cCI6MTU4NjQyODcxMiwianRpIjoiOGFmYWZlYzYwZjk0NGI5Yjg4ZDY3YTUyZmRhZjA1MjAiLCJ1c2VyX2lkIjoxfQ.WnPAieH-c5PflXv2J7dL2s_GtRpsnaZpCHjAM6qHeNU", "created_at": "2020-04-08T10:38:32.764Z", "expires_at": "2020-04-09T10:38:32Z"}}, {"model": "token_blacklist.outstandingtoken", "pk": 23, "fields": {"user": 1, "jti": "3f21dd3f43e34c229ff6323a840188bc", "token": "eyJ0eXAiOiJKV1QiLCJhbGciOiJIUzI1NiJ9.eyJ0b2tlbl90eXBlIjoicmVmcmVzaCIsImV4cCI6MTU4NjQyOTE0MywianRpIjoiM2YyMWRkM2Y0M2UzNGMyMjlmZjYzMjNhODQwMTg4YmMiLCJ1c2VyX2lkIjoxfQ.WTA7tkLN1Nseo5uLYNW2PY2Y3sK7UpG7lJnf0D_24EY", "created_at": "2020-04-08T10:45:43.042Z", "expires_at": "2020-04-09T10:45:43Z"}}, {"model": "token_blacklist.outstandingtoken", "pk": 24, "fields": {"user": 1, "jti": "e368e89514274fb4bb7c794c8eb3a570", "token": "eyJ0eXAiOiJKV1QiLCJhbGciOiJIUzI1NiJ9.eyJ0b2tlbl90eXBlIjoicmVmcmVzaCIsImV4cCI6MTU4NjQyOTE0NCwianRpIjoiZTM2OGU4OTUxNDI3NGZiNGJiN2M3OTRjOGViM2E1NzAiLCJ1c2VyX2lkIjoxfQ.l28UPAC7seqqCmm0aYa_HHhcvhj-VGgpgcejcNbKMDw", "created_at": "2020-04-08T10:45:44.173Z", "expires_at": "2020-04-09T10:45:44Z"}}, {"model": "token_blacklist.outstandingtoken", "pk": 25, "fields": {"user": 1, "jti": "902901f2cd7c4d30a395afd56e9378e9", "token": "eyJ0eXAiOiJKV1QiLCJhbGciOiJIUzI1NiJ9.eyJ0b2tlbl90eXBlIjoicmVmcmVzaCIsImV4cCI6MTU4NjQyOTQ1NywianRpIjoiOTAyOTAxZjJjZDdjNGQzMGEzOTVhZmQ1NmU5Mzc4ZTkiLCJ1c2VyX2lkIjoxfQ.OcZebaW2WAndlMUj4mkTgSgQO9UI3GzPK7x2DJDFHqg", "created_at": "2020-04-08T10:50:57.891Z", "expires_at": "2020-04-09T10:50:57Z"}}, {"model": "token_blacklist.outstandingtoken", "pk": 26, "fields": {"user": 1, "jti": "27884081773c4070b09cd47b5d463f7f", "token": "eyJ0eXAiOiJKV1QiLCJhbGciOiJIUzI1NiJ9.eyJ0b2tlbl90eXBlIjoicmVmcmVzaCIsImV4cCI6MTU4NjQyOTg3NCwianRpIjoiMjc4ODQwODE3NzNjNDA3MGIwOWNkNDdiNWQ0NjNmN2YiLCJ1c2VyX2lkIjoxfQ.DCFz4HQAgZ14jX32RSVUHskD5aEWgcBLBE4juWtr2Zc", "created_at": "2020-04-08T10:57:54.820Z", "expires_at": "2020-04-09T10:57:54Z"}}, {"model": "token_blacklist.outstandingtoken", "pk": 27, "fields": {"user": 1, "jti": "55477fc8510d4c2ebff22131104c27cf", "token": "eyJ0eXAiOiJKV1QiLCJhbGciOiJIUzI1NiJ9.eyJ0b2tlbl90eXBlIjoicmVmcmVzaCIsImV4cCI6MTU4NjQzMDI5MSwianRpIjoiNTU0NzdmYzg1MTBkNGMyZWJmZjIyMTMxMTA0YzI3Y2YiLCJ1c2VyX2lkIjoxfQ.AVLLI6JhJb-ufGxBw4FYCcgEPy4ZnFgnnBlijJjY0U4", "created_at": "2020-04-08T11:04:51.001Z", "expires_at": "2020-04-09T11:04:51Z"}}, {"model": "token_blacklist.outstandingtoken", "pk": 28, "fields": {"user": 1, "jti": "4daf6a5ff21644f9b7179f0c46d0fb91", "token": "eyJ0eXAiOiJKV1QiLCJhbGciOiJIUzI1NiJ9.eyJ0b2tlbl90eXBlIjoicmVmcmVzaCIsImV4cCI6MTU4NjQzMDgxNSwianRpIjoiNGRhZjZhNWZmMjE2NDRmOWI3MTc5ZjBjNDZkMGZiOTEiLCJ1c2VyX2lkIjoxfQ.mxrnV-_rKBEQgBcpNTbS7ZEzTMcHvEorjGlm06ZRSCs", "created_at": "2020-04-08T11:13:35.059Z", "expires_at": "2020-04-09T11:13:35Z"}}, {"model": "token_blacklist.outstandingtoken", "pk": 29, "fields": {"user": 1, "jti": "3de6bfcd45164ceebf83498475310d1d", "token": "eyJ0eXAiOiJKV1QiLCJhbGciOiJIUzI1NiJ9.eyJ0b2tlbl90eXBlIjoicmVmcmVzaCIsImV4cCI6MTU4NjQzMTE0NiwianRpIjoiM2RlNmJmY2Q0NTE2NGNlZWJmODM0OTg0NzUzMTBkMWQiLCJ1c2VyX2lkIjoxfQ.R_PCLT47VJc91j_LiWo3_nJbzaoj-SdNoE2BBdVJ9is", "created_at": "2020-04-08T11:19:06.776Z", "expires_at": "2020-04-09T11:19:06Z"}}, {"model": "token_blacklist.outstandingtoken", "pk": 30, "fields": {"user": 1, "jti": "0e00a6e8c3d848499a3e12b2da59f77c", "token": "eyJ0eXAiOiJKV1QiLCJhbGciOiJIUzI1NiJ9.eyJ0b2tlbl90eXBlIjoicmVmcmVzaCIsImV4cCI6MTU4NjQzMTczNSwianRpIjoiMGUwMGE2ZThjM2Q4NDg0OTlhM2UxMmIyZGE1OWY3N2MiLCJ1c2VyX2lkIjoxfQ.95OToJYAg1W88c8KMelDA-1v5iLla4FaGUInPhFuodE", "created_at": "2020-04-08T11:28:55.510Z", "expires_at": "2020-04-09T11:28:55Z"}}]